{"_runtime":70,"_timestamp":1.777300112590355e+09,"_step":36,"batch_loss":3.9399092197418213,"_wandb":{"runtime":70}}