{"_runtime":182,"batch_loss":2.7671780586242676,"_timestamp":1.777300354492962e+09,"_step":101,"_wandb":{"runtime":182}}