{"_timestamp":1.777293522162724e+09,"_step":324,"batch_loss":1.2001270055770874,"_wandb":{"runtime":528},"_runtime":528}