{"_step":178,"batch_loss":1.6687796115875244,"_wandb":{"runtime":310},"_runtime":310,"_timestamp":1.7773006747824402e+09}