{"_runtime":2945,"batch_loss":0.11797580122947693,"_timestamp":1.7773677636661272e+09,"_step":1759,"epoch_loss":0.5320549603031571,"epoch":4,"_wandb":{"runtime":2945}}